"uri","type","dc.id","collection","notation","prefLabel","altLabel","broader","broaderTransitive","broadMatch","changeNote","closeMatch","definition","editorialNote","exactMatch","example","hiddenLabel","historyNote","inScheme","mappingRelation","note","related","relatedMatch","scopeNote","semanticRelation","topConceptOf"
"colt:kleur","skos:Collection","kleur",,,"Collectie van kleur.",,,,,,,,,,,,,"cs","kleur",,,,,,
"ct:0","skos:Concept","0","colt:kleur",,"onbekend",,,,,,,,,,,,,"cs:kleur",,,,,,,"cs:kleur"
"ct:1","skos:Concept","1","colt:kleur",,"beige",,,,,,,,,,,,,"cs:kleur",,,,,,,"cs:kleur"
"ct:10","skos:Concept","10","colt:kleur",,"zwart",,,,,,,,,,,,,"cs:kleur",,,,,,,"cs:kleur"
"ct:101","skos:Concept","101","colt:kleur",,"lichtbeige",,,,,,,,,,,,,"cs:kleur",,,,,,,"cs:kleur"
"ct:102","skos:Concept","102","colt:kleur",,"lichtblauw",,,,,,,,,,,,,"cs:kleur",,,,,,,"cs:kleur"
"ct:103","skos:Concept","103","colt:kleur",,"lichtbruin",,,,,,,,,,,,,"cs:kleur",,,,,,,"cs:kleur"
"ct:104","skos:Concept","104","colt:kleur",,"lichtgeel",,,,,,,,,,,,,"cs:kleur",,,,,,,"cs:kleur"
"ct:105","skos:Concept","105","colt:kleur",,"lichtgrijs",,,,,,,,,,,,,"cs:kleur",,,,,,,"cs:kleur"
"ct:106","skos:Concept","106","colt:kleur",,"lichtgroen",,,,,,,,,,,,,"cs:kleur",,,,,,,"cs:kleur"
"ct:107","skos:Concept","107","colt:kleur",,"lichtroest",,,,,,,,,,,,,"cs:kleur",,,,,,,"cs:kleur"
"ct:108","skos:Concept","108","colt:kleur",,"lichtrood",,,,,,,,,,,,,"cs:kleur",,,,,,,"cs:kleur"
"ct:11","skos:Concept","11","colt:kleur",,"beigebruin",,,,,,,,,,,,,"cs:kleur",,,,,,,"cs:kleur"
"ct:12","skos:Concept","12","colt:kleur",,"blauwgrijs",,,,,,,,,,,,,"cs:kleur",,,,,,,"cs:kleur"
"ct:123","skos:Concept","123","colt:kleur",,"lichtmauve",,,,,,,,,,,,,"cs:kleur",,,,,,,"cs:kleur"
"ct:13","skos:Concept","13","colt:kleur",,"blauwgroen",,,,,,,,,,,,,"cs:kleur",,,,,,,"cs:kleur"
"ct:130","skos:Concept","130","colt:kleur",,"lichtkaki",,,,,,,,,,,,,"cs:kleur",,,,,,,"cs:kleur"
"ct:131","skos:Concept","131","colt:kleur",,"lichtroos",,,,,,,,,,,,,"cs:kleur",,,,,,,"cs:kleur"
"ct:132","skos:Concept","132","colt:kleur",,"lichtoker",,,,,,,,,,,,,"cs:kleur",,,,,,,"cs:kleur"
"ct:133","skos:Concept","133","colt:kleur",,"lichtolijfgroen",,,,,,,,,,,,,"cs:kleur",,,,,,,"cs:kleur"
"ct:134","skos:Concept","134","colt:kleur",,"lichtoranje",,,,,,,,,,,,,"cs:kleur",,,,,,,"cs:kleur"
"ct:14","skos:Concept","14","colt:kleur",,"bruingeel",,,,,,,,,,,,,"cs:kleur",,,,,,,"cs:kleur"
"ct:15","skos:Concept","15","colt:kleur",,"bruingrijs",,,,,,,,,,,,,"cs:kleur",,,,,,,"cs:kleur"
"ct:16","skos:Concept","16","colt:kleur",,"bruingroen",,,,,,,,,,,,,"cs:kleur",,,,,,,"cs:kleur"
"ct:17","skos:Concept","17","colt:kleur",,"bruinrood",,,,,,,,,,,,,"cs:kleur",,,,,,,"cs:kleur"
"ct:18","skos:Concept","18","colt:kleur",,"geelgrijs",,,,,,,,,,,,,"cs:kleur",,,,,,,"cs:kleur"
"ct:19","skos:Concept","19","colt:kleur",,"geelgroen",,,,,,,,,,,,,"cs:kleur",,,,,,,"cs:kleur"
"ct:2","skos:Concept","2","colt:kleur",,"blauw",,,,,,,,,,,,,"cs:kleur",,,,,,,"cs:kleur"
"ct:20","skos:Concept","20","colt:kleur",,"grijsgroen",,,,,,,,,,,,,"cs:kleur",,,,,,,"cs:kleur"
"ct:201","skos:Concept","201","colt:kleur",,"donkerbeige",,,,,,,,,,,,,"cs:kleur",,,,,,,"cs:kleur"
"ct:202","skos:Concept","202","colt:kleur",,"donkerblauw",,,,,,,,,,,,,"cs:kleur",,,,,,,"cs:kleur"
"ct:203","skos:Concept","203","colt:kleur",,"donkerbruin",,,,,,,,,,,,,"cs:kleur",,,,,,,"cs:kleur"
"ct:204","skos:Concept","204","colt:kleur",,"donkergeel",,,,,,,,,,,,,"cs:kleur",,,,,,,"cs:kleur"
"ct:206","skos:Concept","206","colt:kleur",,"donkergroen",,,,,,,,,,,,,"cs:kleur",,,,,,,"cs:kleur"
"ct:207","skos:Concept","207","colt:kleur",,"donkerroest",,,,,,,,,,,,,"cs:kleur",,,,,,,"cs:kleur"
"ct:208","skos:Concept","208","colt:kleur",,"donkerrood",,,,,,,,,,,,,"cs:kleur",,,,,,,"cs:kleur"
"ct:21","skos:Concept","21","colt:kleur",,"grijsroest",,,,,,,,,,,,,"cs:kleur",,,,,,,"cs:kleur"
"ct:22","skos:Concept","22","colt:kleur",,"bontgekleurd",,,,,,,,,,,,,"cs:kleur",,,,,,,"cs:kleur"
"ct:223","skos:Concept","223","colt:kleur",,"donkermauve",,,,,,,,,,,,,"cs:kleur",,,,,,,"cs:kleur"
"ct:23","skos:Concept","23","colt:kleur",,"mauve",,,,,,,,,,,,,"cs:kleur",,,,,,,"cs:kleur"
"ct:230","skos:Concept","230","colt:kleur",,"donkerkaki",,,,,,,,,,,,,"cs:kleur",,,,,,,"cs:kleur"
"ct:231","skos:Concept","231","colt:kleur",,"donkerroos",,,,,,,,,,,,,"cs:kleur",,,,,,,"cs:kleur"
"ct:232","skos:Concept","232","colt:kleur",,"donkeroker",,,,,,,,,,,,,"cs:kleur",,,,,,,"cs:kleur"
"ct:233","skos:Concept","233","colt:kleur",,"donkerolijfgroen",,,,,,,,,,,,,"cs:kleur",,,,,,,"cs:kleur"
"ct:234","skos:Concept","234","colt:kleur",,"donkeroranje",,,,,,,,,,,,,"cs:kleur",,,,,,,"cs:kleur"
"ct:24","skos:Concept","24","colt:kleur",,"geelbruin",,,,,,,,,,,,,"cs:kleur",,,,,,,"cs:kleur"
"ct:25","skos:Concept","25","colt:kleur",,"grijsgeel",,,,,,,,,,,,,"cs:kleur",,,,,,,"cs:kleur"
"ct:26","skos:Concept","26","colt:kleur",,"onbepaald",,,,,,,,,,,,,"cs:kleur",,,,,,,"cs:kleur"
"ct:27","skos:Concept","27","colt:kleur",,"donkergrijs",,,,,,,,,,,,,"cs:kleur",,,,,,,"cs:kleur"
"ct:28","skos:Concept","28","colt:kleur",,"bleek / ontkleurd",,,,,,,,,,,,,"cs:kleur",,,,,,,"cs:kleur"
"ct:29","skos:Concept","29","colt:kleur",,"roodbruin",,,,,,,,,,,,,"cs:kleur",,,,,,,"cs:kleur"
"ct:3","skos:Concept","3","colt:kleur",,"bruin",,,,,,,,,,,,,"cs:kleur",,,,,,,"cs:kleur"
"ct:30","skos:Concept","30","colt:kleur",,"kaki",,,,,,,,,,,,,"cs:kleur",,,,,,,"cs:kleur"
"ct:301","skos:Concept","301","colt:kleur",,"blauwgeel",,,,,,,,,,,,,"cs:kleur",,,,,,,"cs:kleur"
"ct:302","skos:Concept","302","colt:kleur",,"blauwkaki",,,,,,,,,,,,,"cs:kleur",,,,,,,"cs:kleur"
"ct:303","skos:Concept","303","colt:kleur",,"blauwmauve",,,,,,,,,,,,,"cs:kleur",,,,,,,"cs:kleur"
"ct:304","skos:Concept","304","colt:kleur",,"blauwoker",,,,,,,,,,,,,"cs:kleur",,,,,,,"cs:kleur"
"ct:305","skos:Concept","305","colt:kleur",,"blauwolijfgroen",,,,,,,,,,,,,"cs:kleur",,,,,,,"cs:kleur"
"ct:306","skos:Concept","306","colt:kleur",,"blauworanje",,,,,,,,,,,,,"cs:kleur",,,,,,,"cs:kleur"
"ct:307","skos:Concept","307","colt:kleur",,"blauwroest",,,,,,,,,,,,,"cs:kleur",,,,,,,"cs:kleur"
"ct:308","skos:Concept","308","colt:kleur",,"blauwrood",,,,,,,,,,,,,"cs:kleur",,,,,,,"cs:kleur"
"ct:309","skos:Concept","309","colt:kleur",,"blauwroos",,,,,,,,,,,,,"cs:kleur",,,,,,,"cs:kleur"
"ct:31","skos:Concept","31","colt:kleur",,"roos",,,,,,,,,,,,,"cs:kleur",,,,,,,"cs:kleur"
"ct:310","skos:Concept","310","colt:kleur",,"bruinblauw",,,,,,,,,,,,,"cs:kleur",,,,,,,"cs:kleur"
"ct:311","skos:Concept","311","colt:kleur",,"bruinbeige",,,,,,,,,,,,,"cs:kleur",,,,,,,"cs:kleur"
"ct:312","skos:Concept","312","colt:kleur",,"bruinkaki",,,,,,,,,,,,,"cs:kleur",,,,,,,"cs:kleur"
"ct:313","skos:Concept","313","colt:kleur",,"bruinmauve",,,,,,,,,,,,,"cs:kleur",,,,,,,"cs:kleur"
"ct:314","skos:Concept","314","colt:kleur",,"bruinoker",,,,,,,,,,,,,"cs:kleur",,,,,,,"cs:kleur"
"ct:315","skos:Concept","315","colt:kleur",,"bruinolijfgroen",,,,,,,,,,,,,"cs:kleur",,,,,,,"cs:kleur"
"ct:316","skos:Concept","316","colt:kleur",,"bruinoranje",,,,,,,,,,,,,"cs:kleur",,,,,,,"cs:kleur"
"ct:317","skos:Concept","317","colt:kleur",,"bruinroest",,,,,,,,,,,,,"cs:kleur",,,,,,,"cs:kleur"
"ct:318","skos:Concept","318","colt:kleur",,"bruinroos",,,,,,,,,,,,,"cs:kleur",,,,,,,"cs:kleur"
"ct:319","skos:Concept","319","colt:kleur",,"mauvebeige",,,,,,,,,,,,,"cs:kleur",,,,,,,"cs:kleur"
"ct:32","skos:Concept","32","colt:kleur",,"oker",,,,,,,,,,,,,"cs:kleur",,,,,,,"cs:kleur"
"ct:320","skos:Concept","320","colt:kleur",,"mauveblauw",,,,,,,,,,,,,"cs:kleur",,,,,,,"cs:kleur"
"ct:321","skos:Concept","321","colt:kleur",,"mauvebruin",,,,,,,,,,,,,"cs:kleur",,,,,,,"cs:kleur"
"ct:322","skos:Concept","322","colt:kleur",,"mauvegeel",,,,,,,,,,,,,"cs:kleur",,,,,,,"cs:kleur"
"ct:323","skos:Concept","323","colt:kleur",,"mauvegrijs",,,,,,,,,,,,,"cs:kleur",,,,,,,"cs:kleur"
"ct:324","skos:Concept","324","colt:kleur",,"mauvegroen",,,,,,,,,,,,,"cs:kleur",,,,,,,"cs:kleur"
"ct:325","skos:Concept","325","colt:kleur",,"mauvekaki",,,,,,,,,,,,,"cs:kleur",,,,,,,"cs:kleur"
"ct:326","skos:Concept","326","colt:kleur",,"mauveoker",,,,,,,,,,,,,"cs:kleur",,,,,,,"cs:kleur"
"ct:327","skos:Concept","327","colt:kleur",,"mauveolijfgroen",,,,,,,,,,,,,"cs:kleur",,,,,,,"cs:kleur"
"ct:328","skos:Concept","328","colt:kleur",,"mauveoranje",,,,,,,,,,,,,"cs:kleur",,,,,,,"cs:kleur"
"ct:329","skos:Concept","329","colt:kleur",,"mauveroest",,,,,,,,,,,,,"cs:kleur",,,,,,,"cs:kleur"
"ct:33","skos:Concept","33","colt:kleur",,"olijfgroen",,,,,,,,,,,,,"cs:kleur",,,,,,,"cs:kleur"
"ct:330","skos:Concept","330","colt:kleur",,"mauverood",,,,,,,,,,,,,"cs:kleur",,,,,,,"cs:kleur"
"ct:331","skos:Concept","331","colt:kleur",,"mauveroos",,,,,,,,,,,,,"cs:kleur",,,,,,,"cs:kleur"
"ct:332","skos:Concept","332","colt:kleur",,"okerbeige",,,,,,,,,,,,,"cs:kleur",,,,,,,"cs:kleur"
"ct:333","skos:Concept","333","colt:kleur",,"okerblauw",,,,,,,,,,,,,"cs:kleur",,,,,,,"cs:kleur"
"ct:334","skos:Concept","334","colt:kleur",,"okerbruin",,,,,,,,,,,,,"cs:kleur",,,,,,,"cs:kleur"
"ct:335","skos:Concept","335","colt:kleur",,"okergeel",,,,,,,,,,,,,"cs:kleur",,,,,,,"cs:kleur"
"ct:336","skos:Concept","336","colt:kleur",,"okergrijs",,,,,,,,,,,,,"cs:kleur",,,,,,,"cs:kleur"
"ct:337","skos:Concept","337","colt:kleur",,"okergroen",,,,,,,,,,,,,"cs:kleur",,,,,,,"cs:kleur"
"ct:338","skos:Concept","338","colt:kleur",,"okerkaki",,,,,,,,,,,,,"cs:kleur",,,,,,,"cs:kleur"
"ct:339","skos:Concept","339","colt:kleur",,"okermauve",,,,,,,,,,,,,"cs:kleur",,,,,,,"cs:kleur"
"ct:34","skos:Concept","34","colt:kleur",,"oranje",,,,,,,,,,,,,"cs:kleur",,,,,,,"cs:kleur"
"ct:340","skos:Concept","340","colt:kleur",,"okerolijfgroen",,,,,,,,,,,,,"cs:kleur",,,,,,,"cs:kleur"
"ct:341","skos:Concept","341","colt:kleur",,"okeroranje",,,,,,,,,,,,,"cs:kleur",,,,,,,"cs:kleur"
"ct:342","skos:Concept","342","colt:kleur",,"okerroest",,,,,,,,,,,,,"cs:kleur",,,,,,,"cs:kleur"
"ct:343","skos:Concept","343","colt:kleur",,"okerrood",,,,,,,,,,,,,"cs:kleur",,,,,,,"cs:kleur"
"ct:344","skos:Concept","344","colt:kleur",,"okerroos",,,,,,,,,,,,,"cs:kleur",,,,,,,"cs:kleur"
"ct:345","skos:Concept","345","colt:kleur",,"olijfgroenbeige",,,,,,,,,,,,,"cs:kleur",,,,,,,"cs:kleur"
"ct:346","skos:Concept","346","colt:kleur",,"olijfgroenblauw",,,,,,,,,,,,,"cs:kleur",,,,,,,"cs:kleur"
"ct:347","skos:Concept","347","colt:kleur",,"olijfgroenbruin",,,,,,,,,,,,,"cs:kleur",,,,,,,"cs:kleur"
"ct:348","skos:Concept","348","colt:kleur",,"olijfgroengeel",,,,,,,,,,,,,"cs:kleur",,,,,,,"cs:kleur"
"ct:349","skos:Concept","349","colt:kleur",,"olijfgroengrijs",,,,,,,,,,,,,"cs:kleur",,,,,,,"cs:kleur"
"ct:350","skos:Concept","350","colt:kleur",,"olijfgroengroen",,,,,,,,,,,,,"cs:kleur",,,,,,,"cs:kleur"
"ct:351","skos:Concept","351","colt:kleur",,"olijfgroenkaki",,,,,,,,,,,,,"cs:kleur",,,,,,,"cs:kleur"
"ct:352","skos:Concept","352","colt:kleur",,"olijfgroenmauve",,,,,,,,,,,,,"cs:kleur",,,,,,,"cs:kleur"
"ct:353","skos:Concept","353","colt:kleur",,"olijfgroenoker",,,,,,,,,,,,,"cs:kleur",,,,,,,"cs:kleur"
"ct:355","skos:Concept","355","colt:kleur",,"olijfgroenoranje",,,,,,,,,,,,,"cs:kleur",,,,,,,"cs:kleur"
"ct:356","skos:Concept","356","colt:kleur",,"olijfgroenroest",,,,,,,,,,,,,"cs:kleur",,,,,,,"cs:kleur"
"ct:357","skos:Concept","357","colt:kleur",,"olijfgroenrood",,,,,,,,,,,,,"cs:kleur",,,,,,,"cs:kleur"
"ct:358","skos:Concept","358","colt:kleur",,"olijfgroenroos",,,,,,,,,,,,,"cs:kleur",,,,,,,"cs:kleur"
"ct:359","skos:Concept","359","colt:kleur",,"oranjebeige",,,,,,,,,,,,,"cs:kleur",,,,,,,"cs:kleur"
"ct:360","skos:Concept","360","colt:kleur",,"oranjeblauw",,,,,,,,,,,,,"cs:kleur",,,,,,,"cs:kleur"
"ct:361","skos:Concept","361","colt:kleur",,"oranjebruin",,,,,,,,,,,,,"cs:kleur",,,,,,,"cs:kleur"
"ct:362","skos:Concept","362","colt:kleur",,"oranjegeel",,,,,,,,,,,,,"cs:kleur",,,,,,,"cs:kleur"
"ct:363","skos:Concept","363","colt:kleur",,"oranjegrijs",,,,,,,,,,,,,"cs:kleur",,,,,,,"cs:kleur"
"ct:364","skos:Concept","364","colt:kleur",,"oranjegroen",,,,,,,,,,,,,"cs:kleur",,,,,,,"cs:kleur"
"ct:365","skos:Concept","365","colt:kleur",,"oranjekaki",,,,,,,,,,,,,"cs:kleur",,,,,,,"cs:kleur"
"ct:366","skos:Concept","366","colt:kleur",,"oranjemauve",,,,,,,,,,,,,"cs:kleur",,,,,,,"cs:kleur"
"ct:367","skos:Concept","367","colt:kleur",,"oranjeoker",,,,,,,,,,,,,"cs:kleur",,,,,,,"cs:kleur"
"ct:368","skos:Concept","368","colt:kleur",,"oranjeolijfgroen",,,,,,,,,,,,,"cs:kleur",,,,,,,"cs:kleur"
"ct:369","skos:Concept","369","colt:kleur",,"oranjeoranje",,,,,,,,,,,,,"cs:kleur",,,,,,,"cs:kleur"
"ct:370","skos:Concept","370","colt:kleur",,"oranjeroest",,,,,,,,,,,,,"cs:kleur",,,,,,,"cs:kleur"
"ct:371","skos:Concept","371","colt:kleur",,"oranjerood",,,,,,,,,,,,,"cs:kleur",,,,,,,"cs:kleur"
"ct:372","skos:Concept","372","colt:kleur",,"oranjeroos",,,,,,,,,,,,,"cs:kleur",,,,,,,"cs:kleur"
"ct:373","skos:Concept","373","colt:kleur",,"roestbeige",,,,,,,,,,,,,"cs:kleur",,,,,,,"cs:kleur"
"ct:374","skos:Concept","374","colt:kleur",,"roestblauw",,,,,,,,,,,,,"cs:kleur",,,,,,,"cs:kleur"
"ct:375","skos:Concept","375","colt:kleur",,"roestbruin",,,,,,,,,,,,,"cs:kleur",,,,,,,"cs:kleur"
"ct:376","skos:Concept","376","colt:kleur",,"roestgeel",,,,,,,,,,,,,"cs:kleur",,,,,,,"cs:kleur"
"ct:377","skos:Concept","377","colt:kleur",,"roestgrijs",,,,,,,,,,,,,"cs:kleur",,,,,,,"cs:kleur"
"ct:378","skos:Concept","378","colt:kleur",,"roestgroen",,,,,,,,,,,,,"cs:kleur",,,,,,,"cs:kleur"
"ct:379","skos:Concept","379","colt:kleur",,"roestkaki",,,,,,,,,,,,,"cs:kleur",,,,,,,"cs:kleur"
"ct:380","skos:Concept","380","colt:kleur",,"roestmauve",,,,,,,,,,,,,"cs:kleur",,,,,,,"cs:kleur"
"ct:381","skos:Concept","381","colt:kleur",,"roestoker",,,,,,,,,,,,,"cs:kleur",,,,,,,"cs:kleur"
"ct:382","skos:Concept","382","colt:kleur",,"roestolijfgroen",,,,,,,,,,,,,"cs:kleur",,,,,,,"cs:kleur"
"ct:383","skos:Concept","383","colt:kleur",,"roestoranje",,,,,,,,,,,,,"cs:kleur",,,,,,,"cs:kleur"
"ct:384","skos:Concept","384","colt:kleur",,"roestroest",,,,,,,,,,,,,"cs:kleur",,,,,,,"cs:kleur"
"ct:385","skos:Concept","385","colt:kleur",,"roestrood",,,,,,,,,,,,,"cs:kleur",,,,,,,"cs:kleur"
"ct:386","skos:Concept","386","colt:kleur",,"roestroos",,,,,,,,,,,,,"cs:kleur",,,,,,,"cs:kleur"
"ct:387","skos:Concept","387","colt:kleur",,"roodbeige",,,,,,,,,,,,,"cs:kleur",,,,,,,"cs:kleur"
"ct:388","skos:Concept","388","colt:kleur",,"roodblauw",,,,,,,,,,,,,"cs:kleur",,,,,,,"cs:kleur"
"ct:390","skos:Concept","390","colt:kleur",,"roodgeel",,,,,,,,,,,,,"cs:kleur",,,,,,,"cs:kleur"
"ct:391","skos:Concept","391","colt:kleur",,"roodgrijs",,,,,,,,,,,,,"cs:kleur",,,,,,,"cs:kleur"
"ct:392","skos:Concept","392","colt:kleur",,"roodgroen",,,,,,,,,,,,,"cs:kleur",,,,,,,"cs:kleur"
"ct:393","skos:Concept","393","colt:kleur",,"roodkaki",,,,,,,,,,,,,"cs:kleur",,,,,,,"cs:kleur"
"ct:394","skos:Concept","394","colt:kleur",,"roodmauve",,,,,,,,,,,,,"cs:kleur",,,,,,,"cs:kleur"
"ct:395","skos:Concept","395","colt:kleur",,"roodoker",,,,,,,,,,,,,"cs:kleur",,,,,,,"cs:kleur"
"ct:396","skos:Concept","396","colt:kleur",,"roodolijfgroen",,,,,,,,,,,,,"cs:kleur",,,,,,,"cs:kleur"
"ct:397","skos:Concept","397","colt:kleur",,"roodoranje",,,,,,,,,,,,,"cs:kleur",,,,,,,"cs:kleur"
"ct:398","skos:Concept","398","colt:kleur",,"roodroest",,,,,,,,,,,,,"cs:kleur",,,,,,,"cs:kleur"
"ct:399","skos:Concept","399","colt:kleur",,"roodroos",,,,,,,,,,,,,"cs:kleur",,,,,,,"cs:kleur"
"ct:4","skos:Concept","4","colt:kleur",,"geel",,,,,,,,,,,,,"cs:kleur",,,,,,,"cs:kleur"
"ct:40","skos:Concept","40","colt:kleur",,"geelroos",,,,,,,,,,,,,"cs:kleur",,,,,,,"cs:kleur"
"ct:400","skos:Concept","400","colt:kleur",,"roosbeige",,,,,,,,,,,,,"cs:kleur",,,,,,,"cs:kleur"
"ct:401","skos:Concept","401","colt:kleur",,"roosblauw",,,,,,,,,,,,,"cs:kleur",,,,,,,"cs:kleur"
"ct:402","skos:Concept","402","colt:kleur",,"roosbruin",,,,,,,,,,,,,"cs:kleur",,,,,,,"cs:kleur"
"ct:403","skos:Concept","403","colt:kleur",,"roosgeel",,,,,,,,,,,,,"cs:kleur",,,,,,,"cs:kleur"
"ct:404","skos:Concept","404","colt:kleur",,"roosgrijs",,,,,,,,,,,,,"cs:kleur",,,,,,,"cs:kleur"
"ct:405","skos:Concept","405","colt:kleur",,"roosgroen",,,,,,,,,,,,,"cs:kleur",,,,,,,"cs:kleur"
"ct:406","skos:Concept","406","colt:kleur",,"rooskaki",,,,,,,,,,,,,"cs:kleur",,,,,,,"cs:kleur"
"ct:407","skos:Concept","407","colt:kleur",,"roosmauve",,,,,,,,,,,,,"cs:kleur",,,,,,,"cs:kleur"
"ct:408","skos:Concept","408","colt:kleur",,"roosoker",,,,,,,,,,,,,"cs:kleur",,,,,,,"cs:kleur"
"ct:409","skos:Concept","409","colt:kleur",,"roosolijfgroen",,,,,,,,,,,,,"cs:kleur",,,,,,,"cs:kleur"
"ct:41","skos:Concept","41","colt:kleur",,"geelbeige",,,,,,,,,,,,,"cs:kleur",,,,,,,"cs:kleur"
"ct:410","skos:Concept","410","colt:kleur",,"roosoranje",,,,,,,,,,,,,"cs:kleur",,,,,,,"cs:kleur"
"ct:411","skos:Concept","411","colt:kleur",,"roosroest",,,,,,,,,,,,,"cs:kleur",,,,,,,"cs:kleur"
"ct:412","skos:Concept","412","colt:kleur",,"roosrood",,,,,,,,,,,,,"cs:kleur",,,,,,,"cs:kleur"
"ct:413","skos:Concept","413","colt:kleur",,"beigewit",,,,,,,,,,,,,"cs:kleur",,,,,,,"cs:kleur"
"ct:414","skos:Concept","414","colt:kleur",,"blauwwit",,,,,,,,,,,,,"cs:kleur",,,,,,,"cs:kleur"
"ct:415","skos:Concept","415","colt:kleur",,"bruinwit",,,,,,,,,,,,,"cs:kleur",,,,,,,"cs:kleur"
"ct:416","skos:Concept","416","colt:kleur",,"geelwit",,,,,,,,,,,,,"cs:kleur",,,,,,,"cs:kleur"
"ct:417","skos:Concept","417","colt:kleur",,"grijswit",,,,,,,,,,,,,"cs:kleur",,,,,,,"cs:kleur"
"ct:418","skos:Concept","418","colt:kleur",,"groenwit",,,,,,,,,,,,,"cs:kleur",,,,,,,"cs:kleur"
"ct:419","skos:Concept","419","colt:kleur",,"kakiwit",,,,,,,,,,,,,"cs:kleur",,,,,,,"cs:kleur"
"ct:42","skos:Concept","42","colt:kleur",,"geelblauw",,,,,,,,,,,,,"cs:kleur",,,,,,,"cs:kleur"
"ct:420","skos:Concept","420","colt:kleur",,"mauvewit",,,,,,,,,,,,,"cs:kleur",,,,,,,"cs:kleur"
"ct:421","skos:Concept","421","colt:kleur",,"okerwit",,,,,,,,,,,,,"cs:kleur",,,,,,,"cs:kleur"
"ct:422","skos:Concept","422","colt:kleur",,"olijfgroenwit",,,,,,,,,,,,,"cs:kleur",,,,,,,"cs:kleur"
"ct:423","skos:Concept","423","colt:kleur",,"oranjewit",,,,,,,,,,,,,"cs:kleur",,,,,,,"cs:kleur"
"ct:424","skos:Concept","424","colt:kleur",,"roestwit",,,,,,,,,,,,,"cs:kleur",,,,,,,"cs:kleur"
"ct:425","skos:Concept","425","colt:kleur",,"roodwit",,,,,,,,,,,,,"cs:kleur",,,,,,,"cs:kleur"
"ct:426","skos:Concept","426","colt:kleur",,"rooswit",,,,,,,,,,,,,"cs:kleur",,,,,,,"cs:kleur"
"ct:427","skos:Concept","427","colt:kleur",,"beigezwart",,,,,,,,,,,,,"cs:kleur",,,,,,,"cs:kleur"
"ct:428","skos:Concept","428","colt:kleur",,"blauwzwart",,,,,,,,,,,,,"cs:kleur",,,,,,,"cs:kleur"
"ct:429","skos:Concept","429","colt:kleur",,"bruinzwart",,,,,,,,,,,,,"cs:kleur",,,,,,,"cs:kleur"
"ct:43","skos:Concept","43","colt:kleur",,"geelkaki",,,,,,,,,,,,,"cs:kleur",,,,,,,"cs:kleur"
"ct:430","skos:Concept","430","colt:kleur",,"geelzwart",,,,,,,,,,,,,"cs:kleur",,,,,,,"cs:kleur"
"ct:431","skos:Concept","431","colt:kleur",,"grijszwart",,,,,,,,,,,,,"cs:kleur",,,,,,,"cs:kleur"
"ct:432","skos:Concept","432","colt:kleur",,"groenzwart",,,,,,,,,,,,,"cs:kleur",,,,,,,"cs:kleur"
"ct:433","skos:Concept","433","colt:kleur",,"kakizwart",,,,,,,,,,,,,"cs:kleur",,,,,,,"cs:kleur"
"ct:434","skos:Concept","434","colt:kleur",,"mauvezwart",,,,,,,,,,,,,"cs:kleur",,,,,,,"cs:kleur"
"ct:435","skos:Concept","435","colt:kleur",,"okerzwart",,,,,,,,,,,,,"cs:kleur",,,,,,,"cs:kleur"
"ct:436","skos:Concept","436","colt:kleur",,"olijfgroenzwart",,,,,,,,,,,,,"cs:kleur",,,,,,,"cs:kleur"
"ct:437","skos:Concept","437","colt:kleur",,"roestzwart",,,,,,,,,,,,,"cs:kleur",,,,,,,"cs:kleur"
"ct:438","skos:Concept","438","colt:kleur",,"roodzwart",,,,,,,,,,,,,"cs:kleur",,,,,,,"cs:kleur"
"ct:439","skos:Concept","439","colt:kleur",,"rooszwart",,,,,,,,,,,,,"cs:kleur",,,,,,,"cs:kleur"
"ct:44","skos:Concept","44","colt:kleur",,"geelmauve",,,,,,,,,,,,,"cs:kleur",,,,,,,"cs:kleur"
"ct:440","skos:Concept","440","colt:kleur",,"lichtzwart",,,,,,,,,,,,,"cs:kleur",,,,,,,"cs:kleur"
"ct:441","skos:Concept","441","colt:kleur",,"lichtwit",,,,,,,,,,,,,"cs:kleur",,,,,,,"cs:kleur"
"ct:442","skos:Concept","442","colt:kleur",,"donkerzwart",,,,,,,,,,,,,"cs:kleur",,,,,,,"cs:kleur"
"ct:443","skos:Concept","443","colt:kleur",,"donkerwit",,,,,,,,,,,,,"cs:kleur",,,,,,,"cs:kleur"
"ct:444","skos:Concept","444","colt:kleur",,"witbeige",,,,,,,,,,,,,"cs:kleur",,,,,,,"cs:kleur"
"ct:445","skos:Concept","445","colt:kleur",,"witblauw",,,,,,,,,,,,,"cs:kleur",,,,,,,"cs:kleur"
"ct:446","skos:Concept","446","colt:kleur",,"witbruin",,,,,,,,,,,,,"cs:kleur",,,,,,,"cs:kleur"
"ct:447","skos:Concept","447","colt:kleur",,"witgeel",,,,,,,,,,,,,"cs:kleur",,,,,,,"cs:kleur"
"ct:448","skos:Concept","448","colt:kleur",,"witgrijs",,,,,,,,,,,,,"cs:kleur",,,,,,,"cs:kleur"
"ct:449","skos:Concept","449","colt:kleur",,"witgroen",,,,,,,,,,,,,"cs:kleur",,,,,,,"cs:kleur"
"ct:45","skos:Concept","45","colt:kleur",,"geeloker",,,,,,,,,,,,,"cs:kleur",,,,,,,"cs:kleur"
"ct:450","skos:Concept","450","colt:kleur",,"witkaki",,,,,,,,,,,,,"cs:kleur",,,,,,,"cs:kleur"
"ct:451","skos:Concept","451","colt:kleur",,"witmauve",,,,,,,,,,,,,"cs:kleur",,,,,,,"cs:kleur"
"ct:452","skos:Concept","452","colt:kleur",,"witoker",,,,,,,,,,,,,"cs:kleur",,,,,,,"cs:kleur"
"ct:453","skos:Concept","453","colt:kleur",,"witolijfgroen",,,,,,,,,,,,,"cs:kleur",,,,,,,"cs:kleur"
"ct:454","skos:Concept","454","colt:kleur",,"witoranje",,,,,,,,,,,,,"cs:kleur",,,,,,,"cs:kleur"
"ct:455","skos:Concept","455","colt:kleur",,"witroest",,,,,,,,,,,,,"cs:kleur",,,,,,,"cs:kleur"
"ct:456","skos:Concept","456","colt:kleur",,"witrood",,,,,,,,,,,,,"cs:kleur",,,,,,,"cs:kleur"
"ct:457","skos:Concept","457","colt:kleur",,"witroos",,,,,,,,,,,,,"cs:kleur",,,,,,,"cs:kleur"
"ct:458","skos:Concept","458","colt:kleur",,"zwartbeige",,,,,,,,,,,,,"cs:kleur",,,,,,,"cs:kleur"
"ct:459","skos:Concept","459","colt:kleur",,"zwartblauw",,,,,,,,,,,,,"cs:kleur",,,,,,,"cs:kleur"
"ct:46","skos:Concept","46","colt:kleur",,"geelolijfgroen",,,,,,,,,,,,,"cs:kleur",,,,,,,"cs:kleur"
"ct:460","skos:Concept","460","colt:kleur",,"zwartbruin",,,,,,,,,,,,,"cs:kleur",,,,,,,"cs:kleur"
"ct:461","skos:Concept","461","colt:kleur",,"zwartgeel",,,,,,,,,,,,,"cs:kleur",,,,,,,"cs:kleur"
"ct:462","skos:Concept","462","colt:kleur",,"zwartgrijs",,,,,,,,,,,,,"cs:kleur",,,,,,,"cs:kleur"
"ct:463","skos:Concept","463","colt:kleur",,"zwartgroen",,,,,,,,,,,,,"cs:kleur",,,,,,,"cs:kleur"
"ct:464","skos:Concept","464","colt:kleur",,"zwartkaki",,,,,,,,,,,,,"cs:kleur",,,,,,,"cs:kleur"
"ct:465","skos:Concept","465","colt:kleur",,"zwartmauve",,,,,,,,,,,,,"cs:kleur",,,,,,,"cs:kleur"
"ct:466","skos:Concept","466","colt:kleur",,"zwartoker",,,,,,,,,,,,,"cs:kleur",,,,,,,"cs:kleur"
"ct:467","skos:Concept","467","colt:kleur",,"zwartolijfgroen",,,,,,,,,,,,,"cs:kleur",,,,,,,"cs:kleur"
"ct:468","skos:Concept","468","colt:kleur",,"zwartoranje",,,,,,,,,,,,,"cs:kleur",,,,,,,"cs:kleur"
"ct:469","skos:Concept","469","colt:kleur",,"zwartroest",,,,,,,,,,,,,"cs:kleur",,,,,,,"cs:kleur"
"ct:47","skos:Concept","47","colt:kleur",,"geeloranje",,,,,,,,,,,,,"cs:kleur",,,,,,,"cs:kleur"
"ct:470","skos:Concept","470","colt:kleur",,"zwartrood",,,,,,,,,,,,,"cs:kleur",,,,,,,"cs:kleur"
"ct:471","skos:Concept","471","colt:kleur",,"zwartroos",,,,,,,,,,,,,"cs:kleur",,,,,,,"cs:kleur"
"ct:472","skos:Concept","472","colt:kleur",,"paarsbruin",,,,,,,,,,,,,"cs:kleur",,,,,,,"cs:kleur"
"ct:473","skos:Concept","473","colt:kleur",,"lichtrood / roos",,,,,,,,,,,,,"cs:kleur",,,,,,,"cs:kleur"
"ct:474","skos:Concept","474","colt:kleur",,"zwartwit",,,,,,,,,,,,,"cs:kleur",,,,,,,"cs:kleur"
"ct:48","skos:Concept","48","colt:kleur",,"geelroest",,,,,,,,,,,,,"cs:kleur",,,,,,,"cs:kleur"
"ct:49","skos:Concept","49","colt:kleur",,"geelrood",,,,,,,,,,,,,"cs:kleur",,,,,,,"cs:kleur"
"ct:5","skos:Concept","5","colt:kleur",,"grijs",,,,,,,,,,,,,"cs:kleur",,,,,,,"cs:kleur"
"ct:50","skos:Concept","50","colt:kleur",,"grijsbeige",,,,,,,,,,,,,"cs:kleur",,,,,,,"cs:kleur"
"ct:51","skos:Concept","51","colt:kleur",,"grijsblauw",,,,,,,,,,,,,"cs:kleur",,,,,,,"cs:kleur"
"ct:52","skos:Concept","52","colt:kleur",,"grijsbruin",,,,,,,,,,,,,"cs:kleur",,,,,,,"cs:kleur"
"ct:53","skos:Concept","53","colt:kleur",,"grijskaki",,,,,,,,,,,,,"cs:kleur",,,,,,,"cs:kleur"
"ct:54","skos:Concept","54","colt:kleur",,"grijsmauve",,,,,,,,,,,,,"cs:kleur",,,,,,,"cs:kleur"
"ct:55","skos:Concept","55","colt:kleur",,"grijsoker",,,,,,,,,,,,,"cs:kleur",,,,,,,"cs:kleur"
"ct:56","skos:Concept","56","colt:kleur",,"grijsolijfgroen",,,,,,,,,,,,,"cs:kleur",,,,,,,"cs:kleur"
"ct:57","skos:Concept","57","colt:kleur",,"grijsoranje",,,,,,,,,,,,,"cs:kleur",,,,,,,"cs:kleur"
"ct:58","skos:Concept","58","colt:kleur",,"grijsrood",,,,,,,,,,,,,"cs:kleur",,,,,,,"cs:kleur"
"ct:59","skos:Concept","59","colt:kleur",,"grijsroos",,,,,,,,,,,,,"cs:kleur",,,,,,,"cs:kleur"
"ct:6","skos:Concept","6","colt:kleur",,"groen",,,,,,,,,,,,,"cs:kleur",,,,,,,"cs:kleur"
"ct:60","skos:Concept","60","colt:kleur",,"groenbeige",,,,,,,,,,,,,"cs:kleur",,,,,,,"cs:kleur"
"ct:61","skos:Concept","61","colt:kleur",,"groenblauw",,,,,,,,,,,,,"cs:kleur",,,,,,,"cs:kleur"
"ct:62","skos:Concept","62","colt:kleur",,"groenbruin",,,,,,,,,,,,,"cs:kleur",,,,,,,"cs:kleur"
"ct:63","skos:Concept","63","colt:kleur",,"groengeel",,,,,,,,,,,,,"cs:kleur",,,,,,,"cs:kleur"
"ct:64","skos:Concept","64","colt:kleur",,"groengrijs",,,,,,,,,,,,,"cs:kleur",,,,,,,"cs:kleur"
"ct:65","skos:Concept","65","colt:kleur",,"groenkaki",,,,,,,,,,,,,"cs:kleur",,,,,,,"cs:kleur"
"ct:66","skos:Concept","66","colt:kleur",,"groenmauve",,,,,,,,,,,,,"cs:kleur",,,,,,,"cs:kleur"
"ct:67","skos:Concept","67","colt:kleur",,"groenoker",,,,,,,,,,,,,"cs:kleur",,,,,,,"cs:kleur"
"ct:68","skos:Concept","68","colt:kleur",,"groenolijfgroen",,,,,,,,,,,,,"cs:kleur",,,,,,,"cs:kleur"
"ct:69","skos:Concept","69","colt:kleur",,"groenoranje",,,,,,,,,,,,,"cs:kleur",,,,,,,"cs:kleur"
"ct:7","skos:Concept","7","colt:kleur",,"roest",,,,,,,,,,,,,"cs:kleur",,,,,,,"cs:kleur"
"ct:70","skos:Concept","70","colt:kleur",,"groenroest",,,,,,,,,,,,,"cs:kleur",,,,,,,"cs:kleur"
"ct:71","skos:Concept","71","colt:kleur",,"groenrood",,,,,,,,,,,,,"cs:kleur",,,,,,,"cs:kleur"
"ct:72","skos:Concept","72","colt:kleur",,"groenroos",,,,,,,,,,,,,"cs:kleur",,,,,,,"cs:kleur"
"ct:73","skos:Concept","73","colt:kleur",,"kakibeige",,,,,,,,,,,,,"cs:kleur",,,,,,,"cs:kleur"
"ct:74","skos:Concept","74","colt:kleur",,"kakiblauw",,,,,,,,,,,,,"cs:kleur",,,,,,,"cs:kleur"
"ct:75","skos:Concept","75","colt:kleur",,"kakibruin",,,,,,,,,,,,,"cs:kleur",,,,,,,"cs:kleur"
"ct:76","skos:Concept","76","colt:kleur",,"kakigeel",,,,,,,,,,,,,"cs:kleur",,,,,,,"cs:kleur"
"ct:77","skos:Concept","77","colt:kleur",,"kakigrijs",,,,,,,,,,,,,"cs:kleur",,,,,,,"cs:kleur"
"ct:78","skos:Concept","78","colt:kleur",,"kakigroen",,,,,,,,,,,,,"cs:kleur",,,,,,,"cs:kleur"
"ct:79","skos:Concept","79","colt:kleur",,"kakimauve",,,,,,,,,,,,,"cs:kleur",,,,,,,"cs:kleur"
"ct:8","skos:Concept","8","colt:kleur",,"rood",,,,,,,,,,,,,"cs:kleur",,,,,,,"cs:kleur"
"ct:80","skos:Concept","80","colt:kleur",,"kakioker",,,,,,,,,,,,,"cs:kleur",,,,,,,"cs:kleur"
"ct:81","skos:Concept","81","colt:kleur",,"kakiolijfgroen",,,,,,,,,,,,,"cs:kleur",,,,,,,"cs:kleur"
"ct:82","skos:Concept","82","colt:kleur",,"kakioranje",,,,,,,,,,,,,"cs:kleur",,,,,,,"cs:kleur"
"ct:83","skos:Concept","83","colt:kleur",,"kakiroest",,,,,,,,,,,,,"cs:kleur",,,,,,,"cs:kleur"
"ct:84","skos:Concept","84","colt:kleur",,"kakirood",,,,,,,,,,,,,"cs:kleur",,,,,,,"cs:kleur"
"ct:85","skos:Concept","85","colt:kleur",,"kakiroos",,,,,,,,,,,,,"cs:kleur",,,,,,,"cs:kleur"
"ct:86","skos:Concept","86","colt:kleur",,"beigeblauw",,,,,,,,,,,,,"cs:kleur",,,,,,,"cs:kleur"
"ct:87","skos:Concept","87","colt:kleur",,"beigegeel",,,,,,,,,,,,,"cs:kleur",,,,,,,"cs:kleur"
"ct:88","skos:Concept","88","colt:kleur",,"beigegrijs",,,,,,,,,,,,,"cs:kleur",,,,,,,"cs:kleur"
"ct:89","skos:Concept","89","colt:kleur",,"beigegroen",,,,,,,,,,,,,"cs:kleur",,,,,,,"cs:kleur"
"ct:9","skos:Concept","9","colt:kleur",,"wit",,,,,,,,,,,,,"cs:kleur",,,,,,,"cs:kleur"
"ct:90","skos:Concept","90","colt:kleur",,"beigekaki",,,,,,,,,,,,,"cs:kleur",,,,,,,"cs:kleur"
"ct:91","skos:Concept","91","colt:kleur",,"beigemauve",,,,,,,,,,,,,"cs:kleur",,,,,,,"cs:kleur"
"ct:92","skos:Concept","92","colt:kleur",,"beigeoker",,,,,,,,,,,,,"cs:kleur",,,,,,,"cs:kleur"
"ct:93","skos:Concept","93","colt:kleur",,"beigeolijfgroen",,,,,,,,,,,,,"cs:kleur",,,,,,,"cs:kleur"
"ct:94","skos:Concept","94","colt:kleur",,"beigeoranje",,,,,,,,,,,,,"cs:kleur",,,,,,,"cs:kleur"
"ct:95","skos:Concept","95","colt:kleur",,"beigeroest",,,,,,,,,,,,,"cs:kleur",,,,,,,"cs:kleur"
"ct:96","skos:Concept","96","colt:kleur",,"beigerood",,,,,,,,,,,,,"cs:kleur",,,,,,,"cs:kleur"
"ct:97","skos:Concept","97","colt:kleur",,"beigeroos",,,,,,,,,,,,,"cs:kleur",,,,,,,"cs:kleur"
"ct:98","skos:Concept","98","colt:kleur",,"blauwbeige",,,,,,,,,,,,,"cs:kleur",,,,,,,"cs:kleur"
"ct:99","skos:Concept","99","colt:kleur",,"blauwbruin",,,,,,,,,,,,,"cs:kleur",,,,,,,"cs:kleur"
