uri,type,dc.id,collection,notation,prefLabel,altLabel,broader,broaderTransitive,broadMatch,changeNote,closeMatch,definition,editorialNote,exactMatch,example,hiddenLabel,historyNote,inScheme,mappingRelation,note,related,relatedMatch,scopeNote,semanticRelation,topConceptOf
colt:kleuren,skos:Collection,kleuren,,,Collectie van kleuren.,,,,,,,,,,,,,cs,kleur,,,,,,
ct:1,skos:Concept,1,colt:kleuren,,beige,,,,,,,,,,,,,cs:kleur,,,,,,,cs:kleur
ct:86,skos:Concept,86,colt:kleuren,,beigeblauw,,,,,,,,,,,,,cs:kleur,,,,,,,cs:kleur
ct:11,skos:Concept,11,colt:kleuren,,beigebruin,,,,,,,,,,,,,cs:kleur,,,,,,,cs:kleur
ct:87,skos:Concept,87,colt:kleuren,,beigegeel,,,,,,,,,,,,,cs:kleur,,,,,,,cs:kleur
ct:88,skos:Concept,88,colt:kleuren,,beigegrijs,,,,,,,,,,,,,cs:kleur,,,,,,,cs:kleur
ct:89,skos:Concept,89,colt:kleuren,,beigegroen,,,,,,,,,,,,,cs:kleur,,,,,,,cs:kleur
ct:90,skos:Concept,90,colt:kleuren,,beigekaki,,,,,,,,,,,,,cs:kleur,,,,,,,cs:kleur
ct:91,skos:Concept,91,colt:kleuren,,beigemauve,,,,,,,,,,,,,cs:kleur,,,,,,,cs:kleur
ct:92,skos:Concept,92,colt:kleuren,,beigeoker,,,,,,,,,,,,,cs:kleur,,,,,,,cs:kleur
ct:93,skos:Concept,93,colt:kleuren,,beigeolijfgroen,,,,,,,,,,,,,cs:kleur,,,,,,,cs:kleur
ct:94,skos:Concept,94,colt:kleuren,,beigeoranje,,,,,,,,,,,,,cs:kleur,,,,,,,cs:kleur
ct:95,skos:Concept,95,colt:kleuren,,beigeroest,,,,,,,,,,,,,cs:kleur,,,,,,,cs:kleur
ct:96,skos:Concept,96,colt:kleuren,,beigerood,,,,,,,,,,,,,cs:kleur,,,,,,,cs:kleur
ct:97,skos:Concept,97,colt:kleuren,,beigeroos,,,,,,,,,,,,,cs:kleur,,,,,,,cs:kleur
ct:413,skos:Concept,413,colt:kleuren,,beigewit,,,,,,,,,,,,,cs:kleur,,,,,,,cs:kleur
ct:427,skos:Concept,427,colt:kleuren,,beigezwart,,,,,,,,,,,,,cs:kleur,,,,,,,cs:kleur
ct:2,skos:Concept,2,colt:kleuren,,blauw,,,,,,,,,,,,,cs:kleur,,,,,,,cs:kleur
ct:98,skos:Concept,98,colt:kleuren,,blauwbeige,,,,,,,,,,,,,cs:kleur,,,,,,,cs:kleur
ct:99,skos:Concept,99,colt:kleuren,,blauwbruin,,,,,,,,,,,,,cs:kleur,,,,,,,cs:kleur
ct:301,skos:Concept,301,colt:kleuren,,blauwgeel,,,,,,,,,,,,,cs:kleur,,,,,,,cs:kleur
ct:12,skos:Concept,12,colt:kleuren,,blauwgrijs,,,,,,,,,,,,,cs:kleur,,,,,,,cs:kleur
ct:13,skos:Concept,13,colt:kleuren,,blauwgroen,,,,,,,,,,,,,cs:kleur,,,,,,,cs:kleur
ct:302,skos:Concept,302,colt:kleuren,,blauwkaki,,,,,,,,,,,,,cs:kleur,,,,,,,cs:kleur
ct:303,skos:Concept,303,colt:kleuren,,blauwmauve,,,,,,,,,,,,,cs:kleur,,,,,,,cs:kleur
ct:304,skos:Concept,304,colt:kleuren,,blauwoker,,,,,,,,,,,,,cs:kleur,,,,,,,cs:kleur
ct:305,skos:Concept,305,colt:kleuren,,blauwolijfgroen,,,,,,,,,,,,,cs:kleur,,,,,,,cs:kleur
ct:306,skos:Concept,306,colt:kleuren,,blauworanje,,,,,,,,,,,,,cs:kleur,,,,,,,cs:kleur
ct:307,skos:Concept,307,colt:kleuren,,blauwroest,,,,,,,,,,,,,cs:kleur,,,,,,,cs:kleur
ct:308,skos:Concept,308,colt:kleuren,,blauwrood,,,,,,,,,,,,,cs:kleur,,,,,,,cs:kleur
ct:309,skos:Concept,309,colt:kleuren,,blauwroos,,,,,,,,,,,,,cs:kleur,,,,,,,cs:kleur
ct:414,skos:Concept,414,colt:kleuren,,blauwwit,,,,,,,,,,,,,cs:kleur,,,,,,,cs:kleur
ct:428,skos:Concept,428,colt:kleuren,,blauwzwart,,,,,,,,,,,,,cs:kleur,,,,,,,cs:kleur
ct:28,skos:Concept,28,colt:kleuren,,bleek / ontkleurd,,,,,,,,,,,,,cs:kleur,,,,,,,cs:kleur
ct:22,skos:Concept,22,colt:kleuren,,bontgekleurd,,,,,,,,,,,,,cs:kleur,,,,,,,cs:kleur
ct:3,skos:Concept,3,colt:kleuren,,bruin,,,,,,,,,,,,,cs:kleur,,,,,,,cs:kleur
ct:311,skos:Concept,311,colt:kleuren,,bruinbeige,,,,,,,,,,,,,cs:kleur,,,,,,,cs:kleur
ct:310,skos:Concept,310,colt:kleuren,,bruinblauw,,,,,,,,,,,,,cs:kleur,,,,,,,cs:kleur
ct:14,skos:Concept,14,colt:kleuren,,bruingeel,,,,,,,,,,,,,cs:kleur,,,,,,,cs:kleur
ct:15,skos:Concept,15,colt:kleuren,,bruingrijs,,,,,,,,,,,,,cs:kleur,,,,,,,cs:kleur
ct:16,skos:Concept,16,colt:kleuren,,bruingroen,,,,,,,,,,,,,cs:kleur,,,,,,,cs:kleur
ct:312,skos:Concept,312,colt:kleuren,,bruinkaki,,,,,,,,,,,,,cs:kleur,,,,,,,cs:kleur
ct:313,skos:Concept,313,colt:kleuren,,bruinmauve,,,,,,,,,,,,,cs:kleur,,,,,,,cs:kleur
ct:314,skos:Concept,314,colt:kleuren,,bruinoker,,,,,,,,,,,,,cs:kleur,,,,,,,cs:kleur
ct:315,skos:Concept,315,colt:kleuren,,bruinolijfgroen,,,,,,,,,,,,,cs:kleur,,,,,,,cs:kleur
ct:316,skos:Concept,316,colt:kleuren,,bruinoranje,,,,,,,,,,,,,cs:kleur,,,,,,,cs:kleur
ct:317,skos:Concept,317,colt:kleuren,,bruinroest,,,,,,,,,,,,,cs:kleur,,,,,,,cs:kleur
ct:17,skos:Concept,17,colt:kleuren,,bruinrood,,,,,,,,,,,,,cs:kleur,,,,,,,cs:kleur
ct:318,skos:Concept,318,colt:kleuren,,bruinroos,,,,,,,,,,,,,cs:kleur,,,,,,,cs:kleur
ct:415,skos:Concept,415,colt:kleuren,,bruinwit,,,,,,,,,,,,,cs:kleur,,,,,,,cs:kleur
ct:429,skos:Concept,429,colt:kleuren,,bruinzwart,,,,,,,,,,,,,cs:kleur,,,,,,,cs:kleur
ct:201,skos:Concept,201,colt:kleuren,,donkerbeige,,,,,,,,,,,,,cs:kleur,,,,,,,cs:kleur
ct:202,skos:Concept,202,colt:kleuren,,donkerblauw,,,,,,,,,,,,,cs:kleur,,,,,,,cs:kleur
ct:203,skos:Concept,203,colt:kleuren,,donkerbruin,,,,,,,,,,,,,cs:kleur,,,,,,,cs:kleur
ct:204,skos:Concept,204,colt:kleuren,,donkergeel,,,,,,,,,,,,,cs:kleur,,,,,,,cs:kleur
ct:27,skos:Concept,27,colt:kleuren,,donkergrijs,,,,,,,,,,,,,cs:kleur,,,,,,,cs:kleur
ct:206,skos:Concept,206,colt:kleuren,,donkergroen,,,,,,,,,,,,,cs:kleur,,,,,,,cs:kleur
ct:230,skos:Concept,230,colt:kleuren,,donkerkaki,,,,,,,,,,,,,cs:kleur,,,,,,,cs:kleur
ct:223,skos:Concept,223,colt:kleuren,,donkermauve,,,,,,,,,,,,,cs:kleur,,,,,,,cs:kleur
ct:232,skos:Concept,232,colt:kleuren,,donkeroker,,,,,,,,,,,,,cs:kleur,,,,,,,cs:kleur
ct:233,skos:Concept,233,colt:kleuren,,donkerolijfgroen,,,,,,,,,,,,,cs:kleur,,,,,,,cs:kleur
ct:234,skos:Concept,234,colt:kleuren,,donkeroranje,,,,,,,,,,,,,cs:kleur,,,,,,,cs:kleur
ct:207,skos:Concept,207,colt:kleuren,,donkerroest,,,,,,,,,,,,,cs:kleur,,,,,,,cs:kleur
ct:208,skos:Concept,208,colt:kleuren,,donkerrood,,,,,,,,,,,,,cs:kleur,,,,,,,cs:kleur
ct:231,skos:Concept,231,colt:kleuren,,donkerroos,,,,,,,,,,,,,cs:kleur,,,,,,,cs:kleur
ct:443,skos:Concept,443,colt:kleuren,,donkerwit,,,,,,,,,,,,,cs:kleur,,,,,,,cs:kleur
ct:442,skos:Concept,442,colt:kleuren,,donkerzwart,,,,,,,,,,,,,cs:kleur,,,,,,,cs:kleur
ct:4,skos:Concept,4,colt:kleuren,,geel,,,,,,,,,,,,,cs:kleur,,,,,,,cs:kleur
ct:41,skos:Concept,41,colt:kleuren,,geelbeige,,,,,,,,,,,,,cs:kleur,,,,,,,cs:kleur
ct:42,skos:Concept,42,colt:kleuren,,geelblauw,,,,,,,,,,,,,cs:kleur,,,,,,,cs:kleur
ct:24,skos:Concept,24,colt:kleuren,,geelbruin,,,,,,,,,,,,,cs:kleur,,,,,,,cs:kleur
ct:18,skos:Concept,18,colt:kleuren,,geelgrijs,,,,,,,,,,,,,cs:kleur,,,,,,,cs:kleur
ct:19,skos:Concept,19,colt:kleuren,,geelgroen,,,,,,,,,,,,,cs:kleur,,,,,,,cs:kleur
ct:43,skos:Concept,43,colt:kleuren,,geelkaki,,,,,,,,,,,,,cs:kleur,,,,,,,cs:kleur
ct:44,skos:Concept,44,colt:kleuren,,geelmauve,,,,,,,,,,,,,cs:kleur,,,,,,,cs:kleur
ct:45,skos:Concept,45,colt:kleuren,,geeloker,,,,,,,,,,,,,cs:kleur,,,,,,,cs:kleur
ct:46,skos:Concept,46,colt:kleuren,,geelolijfgroen,,,,,,,,,,,,,cs:kleur,,,,,,,cs:kleur
ct:47,skos:Concept,47,colt:kleuren,,geeloranje,,,,,,,,,,,,,cs:kleur,,,,,,,cs:kleur
ct:48,skos:Concept,48,colt:kleuren,,geelroest,,,,,,,,,,,,,cs:kleur,,,,,,,cs:kleur
ct:49,skos:Concept,49,colt:kleuren,,geelrood,,,,,,,,,,,,,cs:kleur,,,,,,,cs:kleur
ct:40,skos:Concept,40,colt:kleuren,,geelroos,,,,,,,,,,,,,cs:kleur,,,,,,,cs:kleur
ct:416,skos:Concept,416,colt:kleuren,,geelwit,,,,,,,,,,,,,cs:kleur,,,,,,,cs:kleur
ct:430,skos:Concept,430,colt:kleuren,,geelzwart,,,,,,,,,,,,,cs:kleur,,,,,,,cs:kleur
ct:5,skos:Concept,5,colt:kleuren,,grijs,,,,,,,,,,,,,cs:kleur,,,,,,,cs:kleur
ct:50,skos:Concept,50,colt:kleuren,,grijsbeige,,,,,,,,,,,,,cs:kleur,,,,,,,cs:kleur
ct:51,skos:Concept,51,colt:kleuren,,grijsblauw,,,,,,,,,,,,,cs:kleur,,,,,,,cs:kleur
ct:52,skos:Concept,52,colt:kleuren,,grijsbruin,,,,,,,,,,,,,cs:kleur,,,,,,,cs:kleur
ct:25,skos:Concept,25,colt:kleuren,,grijsgeel,,,,,,,,,,,,,cs:kleur,,,,,,,cs:kleur
ct:20,skos:Concept,20,colt:kleuren,,grijsgroen,,,,,,,,,,,,,cs:kleur,,,,,,,cs:kleur
ct:53,skos:Concept,53,colt:kleuren,,grijskaki,,,,,,,,,,,,,cs:kleur,,,,,,,cs:kleur
ct:54,skos:Concept,54,colt:kleuren,,grijsmauve,,,,,,,,,,,,,cs:kleur,,,,,,,cs:kleur
ct:55,skos:Concept,55,colt:kleuren,,grijsoker,,,,,,,,,,,,,cs:kleur,,,,,,,cs:kleur
ct:56,skos:Concept,56,colt:kleuren,,grijsolijfgroen,,,,,,,,,,,,,cs:kleur,,,,,,,cs:kleur
ct:57,skos:Concept,57,colt:kleuren,,grijsoranje,,,,,,,,,,,,,cs:kleur,,,,,,,cs:kleur
ct:21,skos:Concept,21,colt:kleuren,,grijsroest,,,,,,,,,,,,,cs:kleur,,,,,,,cs:kleur
ct:58,skos:Concept,58,colt:kleuren,,grijsrood,,,,,,,,,,,,,cs:kleur,,,,,,,cs:kleur
ct:59,skos:Concept,59,colt:kleuren,,grijsroos,,,,,,,,,,,,,cs:kleur,,,,,,,cs:kleur
ct:417,skos:Concept,417,colt:kleuren,,grijswit,,,,,,,,,,,,,cs:kleur,,,,,,,cs:kleur
ct:431,skos:Concept,431,colt:kleuren,,grijszwart,,,,,,,,,,,,,cs:kleur,,,,,,,cs:kleur
ct:6,skos:Concept,6,colt:kleuren,,groen,,,,,,,,,,,,,cs:kleur,,,,,,,cs:kleur
ct:60,skos:Concept,60,colt:kleuren,,groenbeige,,,,,,,,,,,,,cs:kleur,,,,,,,cs:kleur
ct:61,skos:Concept,61,colt:kleuren,,groenblauw,,,,,,,,,,,,,cs:kleur,,,,,,,cs:kleur
ct:62,skos:Concept,62,colt:kleuren,,groenbruin,,,,,,,,,,,,,cs:kleur,,,,,,,cs:kleur
ct:63,skos:Concept,63,colt:kleuren,,groengeel,,,,,,,,,,,,,cs:kleur,,,,,,,cs:kleur
ct:64,skos:Concept,64,colt:kleuren,,groengrijs,,,,,,,,,,,,,cs:kleur,,,,,,,cs:kleur
ct:65,skos:Concept,65,colt:kleuren,,groenkaki,,,,,,,,,,,,,cs:kleur,,,,,,,cs:kleur
ct:66,skos:Concept,66,colt:kleuren,,groenmauve,,,,,,,,,,,,,cs:kleur,,,,,,,cs:kleur
ct:67,skos:Concept,67,colt:kleuren,,groenoker,,,,,,,,,,,,,cs:kleur,,,,,,,cs:kleur
ct:68,skos:Concept,68,colt:kleuren,,groenolijfgroen,,,,,,,,,,,,,cs:kleur,,,,,,,cs:kleur
ct:69,skos:Concept,69,colt:kleuren,,groenoranje,,,,,,,,,,,,,cs:kleur,,,,,,,cs:kleur
ct:70,skos:Concept,70,colt:kleuren,,groenroest,,,,,,,,,,,,,cs:kleur,,,,,,,cs:kleur
ct:71,skos:Concept,71,colt:kleuren,,groenrood,,,,,,,,,,,,,cs:kleur,,,,,,,cs:kleur
ct:72,skos:Concept,72,colt:kleuren,,groenroos,,,,,,,,,,,,,cs:kleur,,,,,,,cs:kleur
ct:418,skos:Concept,418,colt:kleuren,,groenwit,,,,,,,,,,,,,cs:kleur,,,,,,,cs:kleur
ct:432,skos:Concept,432,colt:kleuren,,groenzwart,,,,,,,,,,,,,cs:kleur,,,,,,,cs:kleur
ct:30,skos:Concept,30,colt:kleuren,,kaki,,,,,,,,,,,,,cs:kleur,,,,,,,cs:kleur
ct:73,skos:Concept,73,colt:kleuren,,kakibeige,,,,,,,,,,,,,cs:kleur,,,,,,,cs:kleur
ct:74,skos:Concept,74,colt:kleuren,,kakiblauw,,,,,,,,,,,,,cs:kleur,,,,,,,cs:kleur
ct:75,skos:Concept,75,colt:kleuren,,kakibruin,,,,,,,,,,,,,cs:kleur,,,,,,,cs:kleur
ct:76,skos:Concept,76,colt:kleuren,,kakigeel,,,,,,,,,,,,,cs:kleur,,,,,,,cs:kleur
ct:77,skos:Concept,77,colt:kleuren,,kakigrijs,,,,,,,,,,,,,cs:kleur,,,,,,,cs:kleur
ct:78,skos:Concept,78,colt:kleuren,,kakigroen,,,,,,,,,,,,,cs:kleur,,,,,,,cs:kleur
ct:79,skos:Concept,79,colt:kleuren,,kakimauve,,,,,,,,,,,,,cs:kleur,,,,,,,cs:kleur
ct:80,skos:Concept,80,colt:kleuren,,kakioker,,,,,,,,,,,,,cs:kleur,,,,,,,cs:kleur
ct:81,skos:Concept,81,colt:kleuren,,kakiolijfgroen,,,,,,,,,,,,,cs:kleur,,,,,,,cs:kleur
ct:82,skos:Concept,82,colt:kleuren,,kakioranje,,,,,,,,,,,,,cs:kleur,,,,,,,cs:kleur
ct:83,skos:Concept,83,colt:kleuren,,kakiroest,,,,,,,,,,,,,cs:kleur,,,,,,,cs:kleur
ct:84,skos:Concept,84,colt:kleuren,,kakirood,,,,,,,,,,,,,cs:kleur,,,,,,,cs:kleur
ct:85,skos:Concept,85,colt:kleuren,,kakiroos,,,,,,,,,,,,,cs:kleur,,,,,,,cs:kleur
ct:419,skos:Concept,419,colt:kleuren,,kakiwit,,,,,,,,,,,,,cs:kleur,,,,,,,cs:kleur
ct:433,skos:Concept,433,colt:kleuren,,kakizwart,,,,,,,,,,,,,cs:kleur,,,,,,,cs:kleur
ct:101,skos:Concept,101,colt:kleuren,,lichtbeige,,,,,,,,,,,,,cs:kleur,,,,,,,cs:kleur
ct:102,skos:Concept,102,colt:kleuren,,lichtblauw,,,,,,,,,,,,,cs:kleur,,,,,,,cs:kleur
ct:103,skos:Concept,103,colt:kleuren,,lichtbruin,,,,,,,,,,,,,cs:kleur,,,,,,,cs:kleur
ct:104,skos:Concept,104,colt:kleuren,,lichtgeel,,,,,,,,,,,,,cs:kleur,,,,,,,cs:kleur
ct:105,skos:Concept,105,colt:kleuren,,lichtgrijs,,,,,,,,,,,,,cs:kleur,,,,,,,cs:kleur
ct:106,skos:Concept,106,colt:kleuren,,lichtgroen,,,,,,,,,,,,,cs:kleur,,,,,,,cs:kleur
ct:130,skos:Concept,130,colt:kleuren,,lichtkaki,,,,,,,,,,,,,cs:kleur,,,,,,,cs:kleur
ct:123,skos:Concept,123,colt:kleuren,,lichtmauve,,,,,,,,,,,,,cs:kleur,,,,,,,cs:kleur
ct:132,skos:Concept,132,colt:kleuren,,lichtoker,,,,,,,,,,,,,cs:kleur,,,,,,,cs:kleur
ct:133,skos:Concept,133,colt:kleuren,,lichtolijfgroen,,,,,,,,,,,,,cs:kleur,,,,,,,cs:kleur
ct:134,skos:Concept,134,colt:kleuren,,lichtoranje,,,,,,,,,,,,,cs:kleur,,,,,,,cs:kleur
ct:107,skos:Concept,107,colt:kleuren,,lichtroest,,,,,,,,,,,,,cs:kleur,,,,,,,cs:kleur
ct:108,skos:Concept,108,colt:kleuren,,lichtrood,,,,,,,,,,,,,cs:kleur,,,,,,,cs:kleur
ct:473,skos:Concept,473,colt:kleuren,,lichtrood / roos,,,,,,,,,,,,,cs:kleur,,,,,,,cs:kleur
ct:131,skos:Concept,131,colt:kleuren,,lichtroos,,,,,,,,,,,,,cs:kleur,,,,,,,cs:kleur
ct:441,skos:Concept,441,colt:kleuren,,lichtwit,,,,,,,,,,,,,cs:kleur,,,,,,,cs:kleur
ct:440,skos:Concept,440,colt:kleuren,,lichtzwart,,,,,,,,,,,,,cs:kleur,,,,,,,cs:kleur
ct:23,skos:Concept,23,colt:kleuren,,mauve,,,,,,,,,,,,,cs:kleur,,,,,,,cs:kleur
ct:319,skos:Concept,319,colt:kleuren,,mauvebeige,,,,,,,,,,,,,cs:kleur,,,,,,,cs:kleur
ct:320,skos:Concept,320,colt:kleuren,,mauveblauw,,,,,,,,,,,,,cs:kleur,,,,,,,cs:kleur
ct:321,skos:Concept,321,colt:kleuren,,mauvebruin,,,,,,,,,,,,,cs:kleur,,,,,,,cs:kleur
ct:322,skos:Concept,322,colt:kleuren,,mauvegeel,,,,,,,,,,,,,cs:kleur,,,,,,,cs:kleur
ct:323,skos:Concept,323,colt:kleuren,,mauvegrijs,,,,,,,,,,,,,cs:kleur,,,,,,,cs:kleur
ct:324,skos:Concept,324,colt:kleuren,,mauvegroen,,,,,,,,,,,,,cs:kleur,,,,,,,cs:kleur
ct:325,skos:Concept,325,colt:kleuren,,mauvekaki,,,,,,,,,,,,,cs:kleur,,,,,,,cs:kleur
ct:326,skos:Concept,326,colt:kleuren,,mauveoker,,,,,,,,,,,,,cs:kleur,,,,,,,cs:kleur
ct:327,skos:Concept,327,colt:kleuren,,mauveolijfgroen,,,,,,,,,,,,,cs:kleur,,,,,,,cs:kleur
ct:328,skos:Concept,328,colt:kleuren,,mauveoranje,,,,,,,,,,,,,cs:kleur,,,,,,,cs:kleur
ct:329,skos:Concept,329,colt:kleuren,,mauveroest,,,,,,,,,,,,,cs:kleur,,,,,,,cs:kleur
ct:330,skos:Concept,330,colt:kleuren,,mauverood,,,,,,,,,,,,,cs:kleur,,,,,,,cs:kleur
ct:331,skos:Concept,331,colt:kleuren,,mauveroos,,,,,,,,,,,,,cs:kleur,,,,,,,cs:kleur
ct:420,skos:Concept,420,colt:kleuren,,mauvewit,,,,,,,,,,,,,cs:kleur,,,,,,,cs:kleur
ct:434,skos:Concept,434,colt:kleuren,,mauvezwart,,,,,,,,,,,,,cs:kleur,,,,,,,cs:kleur
ct:32,skos:Concept,32,colt:kleuren,,oker,,,,,,,,,,,,,cs:kleur,,,,,,,cs:kleur
ct:332,skos:Concept,332,colt:kleuren,,okerbeige,,,,,,,,,,,,,cs:kleur,,,,,,,cs:kleur
ct:333,skos:Concept,333,colt:kleuren,,okerblauw,,,,,,,,,,,,,cs:kleur,,,,,,,cs:kleur
ct:334,skos:Concept,334,colt:kleuren,,okerbruin,,,,,,,,,,,,,cs:kleur,,,,,,,cs:kleur
ct:335,skos:Concept,335,colt:kleuren,,okergeel,,,,,,,,,,,,,cs:kleur,,,,,,,cs:kleur
ct:336,skos:Concept,336,colt:kleuren,,okergrijs,,,,,,,,,,,,,cs:kleur,,,,,,,cs:kleur
ct:337,skos:Concept,337,colt:kleuren,,okergroen,,,,,,,,,,,,,cs:kleur,,,,,,,cs:kleur
ct:338,skos:Concept,338,colt:kleuren,,okerkaki,,,,,,,,,,,,,cs:kleur,,,,,,,cs:kleur
ct:339,skos:Concept,339,colt:kleuren,,okermauve,,,,,,,,,,,,,cs:kleur,,,,,,,cs:kleur
ct:340,skos:Concept,340,colt:kleuren,,okerolijfgroen,,,,,,,,,,,,,cs:kleur,,,,,,,cs:kleur
ct:341,skos:Concept,341,colt:kleuren,,okeroranje,,,,,,,,,,,,,cs:kleur,,,,,,,cs:kleur
ct:342,skos:Concept,342,colt:kleuren,,okerroest,,,,,,,,,,,,,cs:kleur,,,,,,,cs:kleur
ct:343,skos:Concept,343,colt:kleuren,,okerrood,,,,,,,,,,,,,cs:kleur,,,,,,,cs:kleur
ct:344,skos:Concept,344,colt:kleuren,,okerroos,,,,,,,,,,,,,cs:kleur,,,,,,,cs:kleur
ct:421,skos:Concept,421,colt:kleuren,,okerwit,,,,,,,,,,,,,cs:kleur,,,,,,,cs:kleur
ct:435,skos:Concept,435,colt:kleuren,,okerzwart,,,,,,,,,,,,,cs:kleur,,,,,,,cs:kleur
ct:33,skos:Concept,33,colt:kleuren,,olijfgroen,,,,,,,,,,,,,cs:kleur,,,,,,,cs:kleur
ct:345,skos:Concept,345,colt:kleuren,,olijfgroenbeige,,,,,,,,,,,,,cs:kleur,,,,,,,cs:kleur
ct:346,skos:Concept,346,colt:kleuren,,olijfgroenblauw,,,,,,,,,,,,,cs:kleur,,,,,,,cs:kleur
ct:347,skos:Concept,347,colt:kleuren,,olijfgroenbruin,,,,,,,,,,,,,cs:kleur,,,,,,,cs:kleur
ct:348,skos:Concept,348,colt:kleuren,,olijfgroengeel,,,,,,,,,,,,,cs:kleur,,,,,,,cs:kleur
ct:349,skos:Concept,349,colt:kleuren,,olijfgroengrijs,,,,,,,,,,,,,cs:kleur,,,,,,,cs:kleur
ct:350,skos:Concept,350,colt:kleuren,,olijfgroengroen,,,,,,,,,,,,,cs:kleur,,,,,,,cs:kleur
ct:351,skos:Concept,351,colt:kleuren,,olijfgroenkaki,,,,,,,,,,,,,cs:kleur,,,,,,,cs:kleur
ct:352,skos:Concept,352,colt:kleuren,,olijfgroenmauve,,,,,,,,,,,,,cs:kleur,,,,,,,cs:kleur
ct:353,skos:Concept,353,colt:kleuren,,olijfgroenoker,,,,,,,,,,,,,cs:kleur,,,,,,,cs:kleur
ct:355,skos:Concept,355,colt:kleuren,,olijfgroenoranje,,,,,,,,,,,,,cs:kleur,,,,,,,cs:kleur
ct:356,skos:Concept,356,colt:kleuren,,olijfgroenroest,,,,,,,,,,,,,cs:kleur,,,,,,,cs:kleur
ct:357,skos:Concept,357,colt:kleuren,,olijfgroenrood,,,,,,,,,,,,,cs:kleur,,,,,,,cs:kleur
ct:358,skos:Concept,358,colt:kleuren,,olijfgroenroos,,,,,,,,,,,,,cs:kleur,,,,,,,cs:kleur
ct:422,skos:Concept,422,colt:kleuren,,olijfgroenwit,,,,,,,,,,,,,cs:kleur,,,,,,,cs:kleur
ct:436,skos:Concept,436,colt:kleuren,,olijfgroenzwart,,,,,,,,,,,,,cs:kleur,,,,,,,cs:kleur
ct:0,skos:Concept,0,colt:kleuren,,onbekend,,,,,,,,,,,,,cs:kleur,,,,,,,cs:kleur
ct:26,skos:Concept,26,colt:kleuren,,onbepaald,,,,,,,,,,,,,cs:kleur,,,,,,,cs:kleur
ct:34,skos:Concept,34,colt:kleuren,,oranje,,,,,,,,,,,,,cs:kleur,,,,,,,cs:kleur
ct:359,skos:Concept,359,colt:kleuren,,oranjebeige,,,,,,,,,,,,,cs:kleur,,,,,,,cs:kleur
ct:360,skos:Concept,360,colt:kleuren,,oranjeblauw,,,,,,,,,,,,,cs:kleur,,,,,,,cs:kleur
ct:361,skos:Concept,361,colt:kleuren,,oranjebruin,,,,,,,,,,,,,cs:kleur,,,,,,,cs:kleur
ct:362,skos:Concept,362,colt:kleuren,,oranjegeel,,,,,,,,,,,,,cs:kleur,,,,,,,cs:kleur
ct:363,skos:Concept,363,colt:kleuren,,oranjegrijs,,,,,,,,,,,,,cs:kleur,,,,,,,cs:kleur
ct:364,skos:Concept,364,colt:kleuren,,oranjegroen,,,,,,,,,,,,,cs:kleur,,,,,,,cs:kleur
ct:365,skos:Concept,365,colt:kleuren,,oranjekaki,,,,,,,,,,,,,cs:kleur,,,,,,,cs:kleur
ct:366,skos:Concept,366,colt:kleuren,,oranjemauve,,,,,,,,,,,,,cs:kleur,,,,,,,cs:kleur
ct:367,skos:Concept,367,colt:kleuren,,oranjeoker,,,,,,,,,,,,,cs:kleur,,,,,,,cs:kleur
ct:368,skos:Concept,368,colt:kleuren,,oranjeolijfgroen,,,,,,,,,,,,,cs:kleur,,,,,,,cs:kleur
ct:369,skos:Concept,369,colt:kleuren,,oranjeoranje,,,,,,,,,,,,,cs:kleur,,,,,,,cs:kleur
ct:370,skos:Concept,370,colt:kleuren,,oranjeroest,,,,,,,,,,,,,cs:kleur,,,,,,,cs:kleur
ct:371,skos:Concept,371,colt:kleuren,,oranjerood,,,,,,,,,,,,,cs:kleur,,,,,,,cs:kleur
ct:372,skos:Concept,372,colt:kleuren,,oranjeroos,,,,,,,,,,,,,cs:kleur,,,,,,,cs:kleur
ct:423,skos:Concept,423,colt:kleuren,,oranjewit,,,,,,,,,,,,,cs:kleur,,,,,,,cs:kleur
ct:472,skos:Concept,472,colt:kleuren,,paarsbruin,,,,,,,,,,,,,cs:kleur,,,,,,,cs:kleur
ct:7,skos:Concept,7,colt:kleuren,,roest,,,,,,,,,,,,,cs:kleur,,,,,,,cs:kleur
ct:373,skos:Concept,373,colt:kleuren,,roestbeige,,,,,,,,,,,,,cs:kleur,,,,,,,cs:kleur
ct:374,skos:Concept,374,colt:kleuren,,roestblauw,,,,,,,,,,,,,cs:kleur,,,,,,,cs:kleur
ct:375,skos:Concept,375,colt:kleuren,,roestbruin,,,,,,,,,,,,,cs:kleur,,,,,,,cs:kleur
ct:376,skos:Concept,376,colt:kleuren,,roestgeel,,,,,,,,,,,,,cs:kleur,,,,,,,cs:kleur
ct:377,skos:Concept,377,colt:kleuren,,roestgrijs,,,,,,,,,,,,,cs:kleur,,,,,,,cs:kleur
ct:378,skos:Concept,378,colt:kleuren,,roestgroen,,,,,,,,,,,,,cs:kleur,,,,,,,cs:kleur
ct:379,skos:Concept,379,colt:kleuren,,roestkaki,,,,,,,,,,,,,cs:kleur,,,,,,,cs:kleur
ct:380,skos:Concept,380,colt:kleuren,,roestmauve,,,,,,,,,,,,,cs:kleur,,,,,,,cs:kleur
ct:381,skos:Concept,381,colt:kleuren,,roestoker,,,,,,,,,,,,,cs:kleur,,,,,,,cs:kleur
ct:382,skos:Concept,382,colt:kleuren,,roestolijfgroen,,,,,,,,,,,,,cs:kleur,,,,,,,cs:kleur
ct:383,skos:Concept,383,colt:kleuren,,roestoranje,,,,,,,,,,,,,cs:kleur,,,,,,,cs:kleur
ct:384,skos:Concept,384,colt:kleuren,,roestroest,,,,,,,,,,,,,cs:kleur,,,,,,,cs:kleur
ct:385,skos:Concept,385,colt:kleuren,,roestrood,,,,,,,,,,,,,cs:kleur,,,,,,,cs:kleur
ct:386,skos:Concept,386,colt:kleuren,,roestroos,,,,,,,,,,,,,cs:kleur,,,,,,,cs:kleur
ct:424,skos:Concept,424,colt:kleuren,,roestwit,,,,,,,,,,,,,cs:kleur,,,,,,,cs:kleur
ct:437,skos:Concept,437,colt:kleuren,,roestzwart,,,,,,,,,,,,,cs:kleur,,,,,,,cs:kleur
ct:8,skos:Concept,8,colt:kleuren,,rood,,,,,,,,,,,,,cs:kleur,,,,,,,cs:kleur
ct:387,skos:Concept,387,colt:kleuren,,roodbeige,,,,,,,,,,,,,cs:kleur,,,,,,,cs:kleur
ct:388,skos:Concept,388,colt:kleuren,,roodblauw,,,,,,,,,,,,,cs:kleur,,,,,,,cs:kleur
ct:29,skos:Concept,29,colt:kleuren,,roodbruin,,,,,,,,,,,,,cs:kleur,,,,,,,cs:kleur
ct:390,skos:Concept,390,colt:kleuren,,roodgeel,,,,,,,,,,,,,cs:kleur,,,,,,,cs:kleur
ct:391,skos:Concept,391,colt:kleuren,,roodgrijs,,,,,,,,,,,,,cs:kleur,,,,,,,cs:kleur
ct:392,skos:Concept,392,colt:kleuren,,roodgroen,,,,,,,,,,,,,cs:kleur,,,,,,,cs:kleur
ct:393,skos:Concept,393,colt:kleuren,,roodkaki,,,,,,,,,,,,,cs:kleur,,,,,,,cs:kleur
ct:394,skos:Concept,394,colt:kleuren,,roodmauve,,,,,,,,,,,,,cs:kleur,,,,,,,cs:kleur
ct:395,skos:Concept,395,colt:kleuren,,roodoker,,,,,,,,,,,,,cs:kleur,,,,,,,cs:kleur
ct:396,skos:Concept,396,colt:kleuren,,roodolijfgroen,,,,,,,,,,,,,cs:kleur,,,,,,,cs:kleur
ct:397,skos:Concept,397,colt:kleuren,,roodoranje,,,,,,,,,,,,,cs:kleur,,,,,,,cs:kleur
ct:398,skos:Concept,398,colt:kleuren,,roodroest,,,,,,,,,,,,,cs:kleur,,,,,,,cs:kleur
ct:399,skos:Concept,399,colt:kleuren,,roodroos,,,,,,,,,,,,,cs:kleur,,,,,,,cs:kleur
ct:425,skos:Concept,425,colt:kleuren,,roodwit,,,,,,,,,,,,,cs:kleur,,,,,,,cs:kleur
ct:438,skos:Concept,438,colt:kleuren,,roodzwart,,,,,,,,,,,,,cs:kleur,,,,,,,cs:kleur
ct:31,skos:Concept,31,colt:kleuren,,roos,,,,,,,,,,,,,cs:kleur,,,,,,,cs:kleur
ct:400,skos:Concept,400,colt:kleuren,,roosbeige,,,,,,,,,,,,,cs:kleur,,,,,,,cs:kleur
ct:401,skos:Concept,401,colt:kleuren,,roosblauw,,,,,,,,,,,,,cs:kleur,,,,,,,cs:kleur
ct:402,skos:Concept,402,colt:kleuren,,roosbruin,,,,,,,,,,,,,cs:kleur,,,,,,,cs:kleur
ct:403,skos:Concept,403,colt:kleuren,,roosgeel,,,,,,,,,,,,,cs:kleur,,,,,,,cs:kleur
ct:404,skos:Concept,404,colt:kleuren,,roosgrijs,,,,,,,,,,,,,cs:kleur,,,,,,,cs:kleur
ct:405,skos:Concept,405,colt:kleuren,,roosgroen,,,,,,,,,,,,,cs:kleur,,,,,,,cs:kleur
ct:406,skos:Concept,406,colt:kleuren,,rooskaki,,,,,,,,,,,,,cs:kleur,,,,,,,cs:kleur
ct:407,skos:Concept,407,colt:kleuren,,roosmauve,,,,,,,,,,,,,cs:kleur,,,,,,,cs:kleur
ct:408,skos:Concept,408,colt:kleuren,,roosoker,,,,,,,,,,,,,cs:kleur,,,,,,,cs:kleur
ct:409,skos:Concept,409,colt:kleuren,,roosolijfgroen,,,,,,,,,,,,,cs:kleur,,,,,,,cs:kleur
ct:410,skos:Concept,410,colt:kleuren,,roosoranje,,,,,,,,,,,,,cs:kleur,,,,,,,cs:kleur
ct:411,skos:Concept,411,colt:kleuren,,roosroest,,,,,,,,,,,,,cs:kleur,,,,,,,cs:kleur
ct:412,skos:Concept,412,colt:kleuren,,roosrood,,,,,,,,,,,,,cs:kleur,,,,,,,cs:kleur
ct:426,skos:Concept,426,colt:kleuren,,rooswit,,,,,,,,,,,,,cs:kleur,,,,,,,cs:kleur
ct:439,skos:Concept,439,colt:kleuren,,rooszwart,,,,,,,,,,,,,cs:kleur,,,,,,,cs:kleur
ct:9,skos:Concept,9,colt:kleuren,,wit,,,,,,,,,,,,,cs:kleur,,,,,,,cs:kleur
ct:444,skos:Concept,444,colt:kleuren,,witbeige,,,,,,,,,,,,,cs:kleur,,,,,,,cs:kleur
ct:445,skos:Concept,445,colt:kleuren,,witblauw,,,,,,,,,,,,,cs:kleur,,,,,,,cs:kleur
ct:446,skos:Concept,446,colt:kleuren,,witbruin,,,,,,,,,,,,,cs:kleur,,,,,,,cs:kleur
ct:447,skos:Concept,447,colt:kleuren,,witgeel,,,,,,,,,,,,,cs:kleur,,,,,,,cs:kleur
ct:448,skos:Concept,448,colt:kleuren,,witgrijs,,,,,,,,,,,,,cs:kleur,,,,,,,cs:kleur
ct:449,skos:Concept,449,colt:kleuren,,witgroen,,,,,,,,,,,,,cs:kleur,,,,,,,cs:kleur
ct:450,skos:Concept,450,colt:kleuren,,witkaki,,,,,,,,,,,,,cs:kleur,,,,,,,cs:kleur
ct:451,skos:Concept,451,colt:kleuren,,witmauve,,,,,,,,,,,,,cs:kleur,,,,,,,cs:kleur
ct:452,skos:Concept,452,colt:kleuren,,witoker,,,,,,,,,,,,,cs:kleur,,,,,,,cs:kleur
ct:453,skos:Concept,453,colt:kleuren,,witolijfgroen,,,,,,,,,,,,,cs:kleur,,,,,,,cs:kleur
ct:454,skos:Concept,454,colt:kleuren,,witoranje,,,,,,,,,,,,,cs:kleur,,,,,,,cs:kleur
ct:455,skos:Concept,455,colt:kleuren,,witroest,,,,,,,,,,,,,cs:kleur,,,,,,,cs:kleur
ct:456,skos:Concept,456,colt:kleuren,,witrood,,,,,,,,,,,,,cs:kleur,,,,,,,cs:kleur
ct:457,skos:Concept,457,colt:kleuren,,witroos,,,,,,,,,,,,,cs:kleur,,,,,,,cs:kleur
ct:10,skos:Concept,10,colt:kleuren,,zwart,,,,,,,,,,,,,cs:kleur,,,,,,,cs:kleur
ct:458,skos:Concept,458,colt:kleuren,,zwartbeige,,,,,,,,,,,,,cs:kleur,,,,,,,cs:kleur
ct:459,skos:Concept,459,colt:kleuren,,zwartblauw,,,,,,,,,,,,,cs:kleur,,,,,,,cs:kleur
ct:460,skos:Concept,460,colt:kleuren,,zwartbruin,,,,,,,,,,,,,cs:kleur,,,,,,,cs:kleur
ct:461,skos:Concept,461,colt:kleuren,,zwartgeel,,,,,,,,,,,,,cs:kleur,,,,,,,cs:kleur
ct:462,skos:Concept,462,colt:kleuren,,zwartgrijs,,,,,,,,,,,,,cs:kleur,,,,,,,cs:kleur
ct:463,skos:Concept,463,colt:kleuren,,zwartgroen,,,,,,,,,,,,,cs:kleur,,,,,,,cs:kleur
ct:464,skos:Concept,464,colt:kleuren,,zwartkaki,,,,,,,,,,,,,cs:kleur,,,,,,,cs:kleur
ct:465,skos:Concept,465,colt:kleuren,,zwartmauve,,,,,,,,,,,,,cs:kleur,,,,,,,cs:kleur
ct:466,skos:Concept,466,colt:kleuren,,zwartoker,,,,,,,,,,,,,cs:kleur,,,,,,,cs:kleur
ct:467,skos:Concept,467,colt:kleuren,,zwartolijfgroen,,,,,,,,,,,,,cs:kleur,,,,,,,cs:kleur
ct:468,skos:Concept,468,colt:kleuren,,zwartoranje,,,,,,,,,,,,,cs:kleur,,,,,,,cs:kleur
ct:469,skos:Concept,469,colt:kleuren,,zwartroest,,,,,,,,,,,,,cs:kleur,,,,,,,cs:kleur
ct:470,skos:Concept,470,colt:kleuren,,zwartrood,,,,,,,,,,,,,cs:kleur,,,,,,,cs:kleur
ct:471,skos:Concept,471,colt:kleuren,,zwartroos,,,,,,,,,,,,,cs:kleur,,,,,,,cs:kleur
ct:474,skos:Concept,474,colt:kleuren,,zwartwit,,,,,,,,,,,,,cs:kleur,,,,,,,cs:kleur
